id,Strength
5407,49.0943801045165
5408,18.56091951042949
5409,34.358290492325594
5410,49.06197323650325
5411,30.86975281825149
5412,43.3682807842069
5413,31.749569325258634
5414,22.595515003470663
5415,48.77566643041867
5416,37.28689817385892
5417,41.57814215783315
5418,53.52991066147913
5419,42.45671994513317
5420,47.5251554630647
5421,31.84222340437624
5422,23.925148748013207
5423,53.257760500205904
5424,45.865710137196785
5425,40.23309065281268
5426,48.598428506452265
5427,14.591864279873558
5428,19.105943682977863
5429,16.61949384189085
5430,26.881796005930973
5431,19.46633929157354
5432,46.850345349003625
5433,16.32323059452258
5434,40.45945802904325
5435,39.55604787133763
5436,36.546318385162145
5437,41.20362324234805
5438,28.413686965006455
5439,48.61796748915297
5440,36.60931180236585
5441,17.388080419982334
5442,35.710799175533516
5443,35.91004315766846
5444,34.75008127835201
5445,20.741212483863848
5446,41.13384139567662
5447,40.690995398539656
5448,16.3211982036151
5449,52.559129339535986
5450,40.518844907895094
5451,51.83986199255844
5452,23.105303416163146
5453,34.67548569354586
5454,36.00760562045919
5455,40.74054827779303
5456,35.861630710844786
5457,20.14211289685729
5458,37.230441602748634
5459,25.392837109375638
5460,29.036651676588107
5461,27.980254708589968
5462,23.38609884272044
5463,37.939374836996976
5464,36.1268359975554
5465,49.4853880538866
5466,44.491431646048454
5467,43.027280183627326
5468,15.161890509918322
5469,36.60527214383569
5470,15.610700859599902
5471,33.39778055763231
5472,32.874168584792756
5473,23.645328808636016
5474,42.81846936326152
5475,19.093010668454742
5476,48.85051651375118
5477,43.900913105876135
5478,38.27255677587974
5479,20.42796724478155
5480,38.35322511495552
5481,37.95980716934711
5482,37.25079553429169
5483,34.78367478839164
5484,39.458073362002196
5485,44.911394457011994
5486,48.26922953007707
5487,40.43687809092867
5488,38.639217646915235
5489,49.79794686615604
5490,40.360155097110734
5491,20.305430369201915
5492,46.43928816199404
5493,35.003180390803905
5494,40.31569000918936
5495,28.563942917221745
5496,41.62200968131481
5497,40.128001737653136
5498,40.12540575348649
5499,50.37073017534063
5500,35.37232833637548
5501,28.444186178057606
5502,38.60649833058591
5503,16.39692948976029
5504,55.40921719462742
5505,30.740429250656057
5506,38.57994479462231
5507,44.5776334533925
5508,36.51883226776562
5509,33.222251569483
5510,42.3658139085704
5511,40.741637168226546
5512,18.816353056827587
5513,47.177069056708504
5514,14.139178173701591
5515,38.91323102589689
5516,52.559129339535986
5517,38.580117041657
5518,43.027280183627326
5519,17.781715937970123
5520,46.850345349003625
5521,39.8940660380371
5522,23.737944792705726
5523,39.63056332743404
5524,13.79196168931001
5525,30.759262752494422
5526,13.92825299596845
5527,36.03009784398715
5528,30.293660985611396
5529,53.98970156102256
5530,40.36700258558715
5531,46.69620337491189
5532,53.88151560017129
5533,26.80524556391637
5534,44.983266694856965
5535,11.101878474940925
5536,47.246749459649905
5537,13.56521372336108
5538,45.179203072608914
5539,17.13762125929377
5540,21.73447601144225
5541,40.79672648591307
5542,20.716182994910895
5543,51.86829140750745
5544,20.998004783346694
5545,37.33230087320064
5546,45.909147851570445
5547,31.610743605796568
5548,31.490257059441554
5549,25.263445716630617
5550,33.68818999657993
5551,34.79455553581925
5552,15.435516173707644
5553,43.210132138444685
5554,12.341270579129887
5555,45.03880178520733
5556,36.1268359975554
5557,41.13384139567662
5558,19.38756395288546
5559,49.57170064388861
5560,18.243226483199017
5561,34.79455553581925
5562,47.52963886711784
5563,36.546318385162145
5564,39.59144592711302
5565,43.046961277194875
5566,34.55767602892288
5567,27.31045970558663
5568,48.12568095574952
5569,49.0961939130224
5570,28.882044186263567
5571,14.00222157163228
5572,20.574467802355066
5573,37.230441602748634
5574,33.29383759310201
5575,15.3661095865627
5576,33.4759441692936
5577,35.73744871589276
5578,35.736539871435795
5579,39.82405013341255
5580,35.84767463604298
5581,40.690995398539656
5582,27.595463675949787
5583,39.82405013341255
5584,42.082781864905314
5585,48.425204475008215
5586,19.669876876255692
5587,43.85152313362819
5588,20.843802512270912
5589,18.050899414915886
5590,42.89615381132358
5591,53.26376396549743
5592,39.93440253430552
5593,39.95640827805745
5594,40.690995398539656
5595,40.10220589127498
5596,54.06315191059572
5597,34.027258374629426
5598,44.877031674167895
5599,17.662421386869838
5600,14.842402742692762
5601,39.59144592711302
5602,42.65284225703615
5603,37.4097778304653
5604,36.368516631207505
5605,18.33964682405369
5606,34.75008127835201
5607,30.223050697740838
5608,40.67876059830074
5609,36.85725702514886
5610,35.970292249940975
5611,36.750497735473644
5612,40.38987588410175
5613,19.40823393223578
5614,36.0764137300807
5615,32.23835652749549
5616,17.726276866600724
5617,42.25284612600319
5618,23.017905518100726
5619,18.981633441005524
5620,50.17215352927627
5621,28.33920798523553
5622,49.08282873673213
5623,20.036416271824507
5624,15.774716596786678
5625,35.003180390803905
5626,35.37232833637548
5627,53.26376396549743
5628,26.052080839413208
5629,42.24732373878992
5630,40.494366909426745
5631,50.71994366465838
5632,40.455734905127855
5633,37.21706111097003
5634,28.390566292311455
5635,17.036224829575524
5636,20.574467802355066
5637,38.20005594045873
5638,35.46972550480234
5639,39.16411609485039
5640,39.23400001476702
5641,18.050899414915886
5642,38.68936419200448
5643,26.761019983161795
5644,45.56995410869526
5645,46.796219828652
5646,25.838824670478154
5647,38.91323102589689
5648,27.98428154717527
5649,36.81410993731146
5650,41.24560927011664
5651,37.37817993533243
5652,41.6856230504442
5653,37.21706111097003
5654,57.16715462254542
5655,35.35423993000447
5656,20.70098429391748
5657,44.49601344346101
5658,24.793315903290534
5659,19.392011744171914
5660,40.06478766769405
5661,41.55361736683854
5662,48.95595867996908
5663,38.03421808992228
5664,49.101785017488794
5665,46.850345349003625
5666,23.13782245919308
5667,13.944243402287174
5668,35.44065847262321
5669,17.7196492844333
5670,18.402867787659442
5671,34.802081345490514
5672,43.098177136886115
5673,15.435516173707644
5674,15.876699868479989
5675,18.862563598732137
5676,42.45671994513317
5677,39.458073362002196
5678,46.43928816199404
5679,17.182457681901052
5680,40.06478766769405
5681,35.3071231443763
5682,40.348753560572185
5683,32.11281460615404
5684,61.24005820975469
5685,39.578788630629084
5686,36.323245375842966
5687,41.85185840410298
5688,42.024926599678835
5689,45.46090373772292
5690,40.186045634085
5691,46.60705862754019
5692,46.44054444384939
5693,42.45671994513317
5694,23.449398704967855
5695,37.14408910997889
5696,39.65824419728058
5697,33.22386134977039
5698,49.784776964111515
5699,51.99602655050365
5700,34.240539795459
5701,26.190086682088236
5702,36.58788429503445
5703,18.33964682405369
5704,27.286274438224353
5705,46.615451082236405
5706,62.748972154732726
5707,53.26376396549743
5708,40.31715473037817
5709,42.69621271031179
5710,41.2575381523474
5711,28.926943538102822
5712,27.613587184125866
5713,46.850345349003625
5714,54.188537923555806
5715,24.01324206170356
5716,26.892446572598438
5717,34.597896238246534
5718,36.17607174652924
5719,34.942471732123416
5720,49.08282873673213
5721,50.983178738157235
5722,13.343681884092906
5723,47.64310569787189
5724,34.95601123463404
5725,36.52959209661213
5726,15.94493729244791
5727,42.32631265869055
5728,15.827110255589925
5729,39.82405013341255
5730,41.02718706473512
5731,47.870452339060044
5732,20.565473373403453
5733,39.156463981702686
5734,42.36257239416645
5735,25.369720620765428
5736,41.85185840410298
5737,17.153138178933222
5738,43.25820840325812
5739,49.49687745699711
5740,27.1764122765924
5741,27.98428154717527
5742,39.21870858010117
5743,23.500221138487625
5744,19.830880699445363
5745,42.45671994513317
5746,34.29100488563933
5747,45.972131275966746
5748,38.38677162024643
5749,38.545057385425594
5750,37.29058785384784
5751,25.31823837302641
5752,35.32956062597918
5753,28.926943538102822
5754,12.345050449147283
5755,62.05399301687264
5756,38.35322511495552
5757,40.74054827779303
5758,25.263445716630617
5759,35.932722689188004
5760,20.843802512270912
5761,37.904147871909835
5762,22.097573783058607
5763,19.705989259018857
5764,52.14301234300086
5765,15.435516173707644
5766,20.107283235649486
5767,34.282931821891175
5768,19.06130678014605
5769,40.39430185301702
5770,39.73713391356827
5771,17.481936427253174
5772,43.027280183627326
5773,13.732078232960156
5774,38.421715248237454
5775,40.455734905127855
5776,34.05339764838108
5777,44.434525512505886
5778,18.821572916373746
5779,47.7782417637375
5780,40.92225523813881
5781,14.141758696240572
5782,45.847612745196145
5783,40.97912172113785
5784,34.248884816777604
5785,45.46090373772292
5786,19.979819392031438
5787,40.36700258558715
5788,34.35405180528713
5789,49.052559321373764
5790,14.200944856725481
5791,18.47079510955903
5792,25.881102528408803
5793,15.435516173707644
5794,40.04280210319698
5795,42.45671994513317
5796,45.847612745196145
5797,43.12235200846737
5798,46.465927264919245
5799,21.781935538722365
5800,25.265671717191395
5801,24.152727062377505
5802,48.26803890494064
5803,43.526660494701645
5804,39.82405013341255
5805,36.60734508063486
5806,20.574467802355066
5807,38.97114534408284
5808,58.001854476556744
5809,34.05339764838108
5810,26.190086682088236
5811,32.215236896245024
5812,42.77576424556575
5813,48.91391676465053
5814,47.40447222649861
5815,33.22386134977039
5816,39.458073362002196
5817,45.463444918540716
5818,18.47079510955903
5819,41.70152602049348
5820,38.68936419200448
5821,34.04434489876868
5822,34.314735183733816
5823,37.119356196195454
5824,32.690016706043835
5825,45.54196991183984
5826,29.70726597753144
5827,18.412197774751167
5828,49.08282873673213
5829,18.301673322411727
5830,18.816353056827587
5831,40.608002970613526
5832,18.981633441005524
5833,47.87785065322939
5834,29.126906034341204
5835,40.690995398539656
5836,31.960779134197963
5837,35.18236946144249
5838,38.639217646915235
5839,19.705989259018857
5840,35.47355462054427
5841,46.529190748859
5842,44.21103880546095
5843,36.1268359975554
5844,57.583209924122926
5845,25.392837109375638
5846,36.546318385162145
5847,34.90930189855422
5848,36.07024017525382
5849,42.85049169699858
5850,18.816353056827587
5851,28.417167593355313
5852,34.12176046048361
5853,44.451574457602675
5854,37.85254799907997
5855,20.412628313328565
5856,39.737066250628445
5857,35.37232833637548
5858,46.556143151484164
5859,19.888002462803193
5860,35.37232833637548
5861,44.434525512505886
5862,45.71625167182336
5863,33.22386134977039
5864,42.03516644764211
5865,28.79423330447154
5866,50.20779705346462
5867,43.03388793964562
5868,42.45775830551546
5869,12.724860111131186
5870,17.924016959169126
5871,37.248368580577335
5872,18.399534519065366
5873,33.86969431121336
5874,40.38420347852277
5875,23.481796784301302
5876,50.28364453890932
5877,45.02483965416558
5878,28.749361364226257
5879,18.453214983792936
5880,50.983178738157235
5881,13.432043689435702
5882,36.546318385162145
5883,49.57993647067705
5884,39.62736193084435
5885,36.67023318614057
5886,37.96829022669264
5887,34.79455553581925
5888,39.63056332743404
5889,36.09496843327215
5890,37.29750112695591
5891,47.28945308517675
5892,25.35863164463094
5893,46.16220981634708
5894,46.460783667060184
5895,43.86703611384733
5896,17.38607249380632
5897,54.34106828480616
5898,23.38609884272044
5899,45.463444918540716
5900,38.929455893120576
5901,12.861444288901893
5902,48.80663084568303
5903,39.61442823516316
5904,47.13122920517723
5905,31.71877654668705
5906,49.08282873673213
5907,33.239226456716715
5908,33.22386134977039
5909,41.02718706473512
5910,44.19966867330085
5911,48.80663084568303
5912,41.02718706473512
5913,58.156610871690745
5914,41.02718706473512
5915,44.19099727167343
5916,20.21733197738474
5917,38.53522636691546
5918,37.80463124137089
5919,35.003180390803905
5920,39.470752835008874
5921,53.257760500205904
5922,40.959027944740015
5923,18.033830542671343
5924,40.31569000918936
5925,36.5879138574639
5926,36.82895883252598
5927,39.11278158799204
5928,35.37232833637548
5929,42.977951501793825
5930,18.897969766793164
5931,25.5174414130982
5932,24.25389559053818
5933,33.96545218092893
5934,49.271096873828625
5935,34.5356022704879
5936,40.50289835247924
5937,23.481796784301302
5938,56.474401907719106
5939,37.04512861474675
5940,43.027280183627326
5941,34.23903133446016
5942,45.889414915224236
5943,46.64526419073376
5944,50.31548675504597
5945,38.7975154025468
5946,35.06510162774326
5947,38.093270431214044
5948,35.03647346004963
5949,23.481796784301302
5950,40.9083140937388
5951,17.97036503346602
5952,43.53997726112027
5953,32.55763171507548
5954,46.43928816199404
5955,21.857977230289315
5956,39.20072936341992
5957,34.39117779370067
5958,16.940804919412727
5959,28.814286750468973
5960,40.74054827779303
5961,44.877031674167895
5962,18.941476206797415
5963,31.84222340437624
5964,40.06273994540602
5965,19.473493224374316
5966,36.79734811282121
5967,29.02540500359425
5968,39.288321104888524
5969,39.957134895306694
5970,20.953387741672923
5971,44.78935471000252
5972,44.7444987392594
5973,43.083579466213145
5974,17.0289296167728
5975,17.649845200789212
5976,44.73874865026915
5977,41.02718706473512
5978,34.222061569556416
5979,18.64953738090021
5980,32.59844617720576
5981,23.925148748013207
5982,33.4759441692936
5983,28.417167593355313
5984,59.4998516951383
5985,38.68936419200448
5986,36.00760562045919
5987,41.85185840410298
5988,42.32631265869055
5989,13.71791522482635
5990,42.45671994513317
5991,46.473186013846046
5992,39.518599006099066
5993,44.172093982604636
5994,21.857977230289315
5995,36.44749760429806
5996,49.66483492957231
5997,18.40751202361876
5998,18.816353056827587
5999,20.843802512270912
6000,44.46465587021339
6001,44.7444987392594
6002,40.31715473037817
6003,30.472760456385068
6004,34.79455553581925
6005,31.05917299375268
6006,46.32767449137519
6007,20.64951860381114
6008,45.57321661340837
6009,32.945413724387365
6010,19.878091336579136
6011,13.847205411809835
6012,48.70512835415603
6013,44.76529630458422
6014,60.788036195505555
6015,17.13762125929377
6016,20.70098429391748
6017,39.49688179797627
6018,43.134566924858866
6019,11.404116058168544
6020,35.86228980678823
6021,17.388080419982334
6022,33.239226456716715
6023,26.052080839413208
6024,50.983178738157235
6025,41.09973130033945
6026,42.45671994513317
6027,38.421715248237454
6028,18.104123262320442
6029,24.506495364238127
6030,16.61949384189085
6031,45.0449355527793
6032,27.31045970558663
6033,46.697132994226024
6034,44.653387360863555
6035,50.86866662850369
6036,40.690995398539656
6037,38.38225250654067
6038,38.91323102589689
6039,49.86507987144054
6040,33.529389760386024
6041,57.77385043787679
6042,46.82257206194413
6043,47.835734411526815
6044,19.497146009156282
6045,39.26002426566784
6046,40.877828769326115
6047,49.61787611618375
6048,39.235072462866896
6049,34.234558293845495
6050,46.608320919243745
6051,32.14438037096155
6052,40.518844907895094
6053,34.24113189106189
6054,24.298027733994076
6055,38.33341184527589
6056,44.78935471000252
6057,23.215906194491776
6058,33.41269695594377
6059,23.38609884272044
6060,27.58500211662639
6061,37.21706111097003
6062,33.835349907551475
6063,14.200944856725481
6064,44.06118970312262
6065,53.36753628904836
6066,23.717664785938616
6067,37.33230087320064
6068,35.861630710844786
6069,39.8940660380371
6070,40.73549540262475
6071,35.60545357595914
6072,16.252678084184904
6073,14.208037928423419
6074,42.17949425759068
6075,12.234023642579192
6076,54.20007526278642
6077,42.66857476889758
6078,33.22386134977039
6079,39.97940453843342
6080,40.92225523813881
6081,42.87119520132946
6082,35.597414920004624
6083,30.33223666495881
6084,18.104123262320442
6085,60.23052650364197
6086,33.41091692361797
6087,17.633213968407414
6088,35.24721599079852
6089,28.66134734415949
6090,41.92308773324884
6091,44.877031674167895
6092,35.57756205998485
6093,42.70837068781702
6094,50.983178738157235
6095,35.86118931923168
6096,45.80161036853127
6097,57.437792330440445
6098,39.97940453843342
6099,40.33192913415999
6100,40.00998468042294
6101,21.7017570899957
6102,49.52631803547279
6103,35.60720717704788
6104,39.75013573789738
6105,37.37657302564676
6106,34.07015712041966
6107,50.47636464014996
6108,39.68744746336816
6109,11.404116058168544
6110,44.59455462697207
6111,43.18759864226186
6112,51.33881853964566
6113,15.435516173707644
6114,45.85940211076542
6115,19.979819392031438
6116,18.27797315674925
6117,45.83669761046183
6118,43.152520610465636
6119,31.561412093494972
6120,20.565473373403453
6121,53.97013866145145
6122,40.455734905127855
6123,18.33964682405369
6124,15.773119531383745
6125,58.14357182200594
6126,34.60586754755103
6127,41.13384139567662
6128,41.51020962339684
6129,22.296009721933885
6130,33.78880797097014
6131,41.02718706473512
6132,12.526640829434452
6133,27.31045970558663
6134,31.978169232901532
6135,40.553938612006974
6136,36.5879138574639
6137,18.033830542671343
6138,14.91323892709805
6139,40.59550533376864
6140,44.78935471000252
6141,34.944080565497934
6142,58.14357182200594
6143,18.51380169056132
6144,24.101269744164146
6145,46.391769421568576
6146,53.93814004455008
6147,33.4759441692936
6148,34.35405180528713
6149,36.1268359975554
6150,23.17489557625739
6151,47.58113592911465
6152,15.435516173707644
6153,49.87718966205327
6154,43.275623139371035
6155,46.58604971281723
6156,45.83830034353921
6157,28.60139044377365
6158,45.201915293092775
6159,34.07015712041966
6160,53.91052745656225
6161,47.00774216871645
6162,35.720547892784225
6163,29.592259987579872
6164,44.451574457602675
6165,23.017905518100726
6166,41.225227878946235
6167,40.690995398539656
6168,38.37587162161854
6169,24.658104455520103
6170,39.92706233355286
6171,12.526640829434452
6172,40.101247385715624
6173,33.78880797097014
6174,23.38609884272044
6175,33.4759441692936
6176,40.67358105221266
6177,55.552111976896924
6178,25.882377161333906
6179,17.13762125929377
6180,37.230441602748634
6181,43.24244989128775
6182,39.913002751850804
6183,40.716729449727765
6184,17.73553714691402
6185,38.35322511495552
6186,29.16513240795163
6187,38.68936419200448
6188,37.30211328170148
6189,35.15800739732172
6190,40.40050842395746
6191,23.925148748013207
6192,34.314735183733816
6193,39.73675401927276
6194,40.690995398539656
6195,40.88256404105498
6196,40.41244976594879
6197,37.31410824840947
6198,56.88718652055985
6199,21.857977230289315
6200,40.24741465909829
6201,37.31971488502898
6202,34.942471732123416
6203,35.003180390803905
6204,39.35927251040822
6205,50.251874819395766
6206,45.82338898216601
6207,35.32956062597918
6208,34.027258374629426
6209,34.027258374629426
6210,40.85759791841675
6211,52.674023948985834
6212,50.89931926323969
6213,14.437154143817754
6214,49.08282873673213
6215,40.97912172113785
6216,33.30247768961998
6217,46.88300411675809
6218,51.39611453446115
6219,46.16220981634708
6220,54.166164504900706
6221,34.54239865195716
6222,53.15444021980017
6223,48.95595867996908
6224,50.188429622334574
6225,42.935258086284335
6226,51.014858383993335
6227,16.03122070343939
6228,34.314735183733816
6229,13.556008063136176
6230,41.13384139567662
6231,36.35655422184677
6232,13.371037992146931
6233,33.14519299992656
6234,36.419462722370966
6235,37.140090173578805
6236,40.97912172113785
6237,49.101785017488794
6238,34.04434489876868
6239,35.9921856792698
6240,33.07188787151851
6241,17.638653148693628
6242,34.36323663840738
6243,18.981633441005524
6244,46.18920263879745
6245,51.70709459112636
6246,39.23400001476702
6247,35.975065109343376
6248,23.92445650336891
6249,36.488636361920776
6250,27.15216973830175
6251,48.80663084568303
6252,50.79084427077424
6253,57.44654289916351
6254,40.9032714123019
6255,35.05230232802989
6256,37.144703173311534
6257,28.718092960896136
6258,38.677415654280836
6259,32.12346206429215
6260,19.979819392031438
6261,35.085870899977394
6262,39.1093781800626
6263,19.236650939927156
6264,39.05806490082621
6265,41.05569048441954
6266,44.522206980463956
6267,40.455734905127855
6268,23.56437357862335
6269,38.16436177061803
6270,31.71877654668705
6271,17.79073900830794
6272,43.25820840325812
6273,37.69100214208405
6274,15.72065541006915
6275,39.942088733788516
6276,19.884862774916094
6277,19.417275862157783
6278,21.78472991288471
6279,17.024349237166167
6280,39.72613132280304
6281,32.602839027625
6282,46.785581647358455
6283,39.107950219674116
6284,25.627246970847718
6285,51.70709459112636
6286,15.771814118521625
6287,39.12323396532634
6288,34.908728314040175
6289,49.584664709644386
6290,43.85353938157201
6291,43.58394881357256
6292,18.47079510955903
6293,40.518844907895094
6294,52.559129339535986
6295,35.042800517811386
6296,37.11564232914315
6297,36.999319207293
6298,39.72042980289159
6299,42.95522239654106
6300,18.402867787659442
6301,15.35076494545197
6302,35.05341675751408
6303,18.981633441005524
6304,52.559129339535986
6305,39.59144592711302
6306,24.802298216903424
6307,34.942471732123416
6308,43.25820840325812
6309,44.877031674167895
6310,45.99390988960148
6311,33.30247768961998
6312,39.82405013341255
6313,48.20853564538654
6314,45.463444918540716
6315,28.697126257337843
6316,26.281732350216426
6317,42.45671994513317
6318,26.177555143952475
6319,43.85037196681154
6320,46.50488980351244
6321,39.885466861251096
6322,43.85353938157201
6323,25.67656374094269
6324,41.13384139567662
6325,42.75209699083431
6326,28.513313060708555
6327,16.96812579970289
6328,44.451574457602675
6329,18.886441198809113
6330,17.433926432625597
6331,31.095670134728525
6332,36.77600819775292
6333,28.42627937168455
6334,44.33518895139119
6335,29.839611662638067
6336,17.034336056579555
6337,25.881102528408803
6338,31.71877654668705
6339,17.422411701089107
6340,41.620544800974045
6341,39.522537433248964
6342,38.30785239486673
6343,46.52756938789469
6344,17.413430234237147
6345,45.847612745196145
6346,35.57641551483803
6347,43.027280183627326
6348,32.80034512532553
6349,24.287549507385613
6350,42.54993961871166
6351,25.716937105157008
6352,42.96986919915937
6353,16.428521913219605
6354,39.97940453843342
6355,36.00700542420676
6356,50.29082753533633
6357,25.63503212732499
6358,40.360155097110734
6359,27.98428154717527
6360,39.913002751850804
6361,33.78880797097014
6362,43.027280183627326
6363,35.45655572985645
6364,55.03450791198525
6365,32.602839027625
6366,38.68936419200448
6367,25.67656374094269
6368,38.639217646915235
6369,23.449398704967855
6370,44.35707677432281
6371,38.82313751979974
6372,40.92225523813881
6373,17.641291172550094
6374,33.90804361203103
6375,29.32564531581705
6376,50.66239336433495
6377,18.47079510955903
6378,48.40044493033026
6379,31.99362801029822
6380,53.26376396549743
6381,43.900913105876135
6382,37.57855902669108
6383,54.86302537703386
6384,39.49688179797627
6385,32.425991828668195
6386,30.89239876623058
6387,40.92225523813881
6388,17.92126033007996
6389,16.751860845267426
6390,47.852641875158355
6391,47.97082664941433
6392,42.397010135462715
6393,41.55361736683854
6394,45.17078502826028
6395,27.823319617877598
6396,48.003070929713466
6397,40.74054827779303
6398,17.82128595874038
6399,51.01298503072763
6400,43.900913105876135
6401,43.833894849757115
6402,42.35718805797115
6403,48.32364938840604
6404,36.18731387998915
6405,39.72613132280304
6406,17.13762125929377
6407,32.36304276836381
6408,23.43564792761888
6409,18.47079510955903
6410,26.58993958262007
6411,36.553859480279655
6412,19.316801076724342
6413,48.89427201220736
6414,30.10882133233435
6415,45.24428722807292
6416,40.494366909426745
6417,39.813581966130734
6418,15.435516173707644
6419,34.43089442050865
6420,22.966619628757194
6421,34.027258374629426
6422,57.62698539115961
6423,24.287549507385613
6424,22.37207691176907
6425,38.92935673456104
6426,40.43687809092867
6427,60.104040634036465
6428,42.273594698905846
6429,40.43687809092867
6430,28.59705438588733
6431,35.73744871589276
6432,45.830370081580135
6433,41.263076079424465
6434,39.957134895306694
6435,39.49688179797627
6436,21.78472991288471
6437,49.08282873673213
6438,24.25031536763021
6439,43.19771072164349
6440,57.62666419688576
6441,22.13195524128955
6442,34.07015712041966
6443,24.853046829297572
6444,36.575865560764505
6445,35.90076118821551
6446,17.153138178933222
6447,15.274862572330168
6448,37.230441602748634
6449,40.02733417163828
6450,36.94340466137202
6451,44.78935471000252
6452,42.710091118794566
6453,29.699602737758703
6454,42.583608807546085
6455,17.675517140977405
6456,42.775135524075786
6457,37.3296155611738
6458,23.449398704967855
6459,20.24037621144319
6460,46.00809430449064
6461,42.45671994513317
6462,34.310981740898264
6463,16.14205728427346
6464,33.78880797097014
6465,33.808392954840606
6466,38.7764994678116
6467,34.79455553581925
6468,21.710703673662675
6469,39.891943135324055
6470,47.012142527645416
6471,50.08841599385688
6472,14.088406712740689
6473,38.61862847705488
6474,34.04434489876868
6475,37.140090173578805
6476,44.78935471000252
6477,37.57855902669108
6478,33.4759441692936
6479,32.03968224714182
6480,40.360155097110734
6481,21.857855732921237
6482,38.309671677904916
6483,24.441359541168936
6484,39.55805579751365
6485,39.957134895306694
6486,34.38367075957798
6487,16.773520380658233
6488,60.65840428157712
6489,40.74054827779303
6490,35.71285934532133
6491,47.177069056708504
6492,37.87529138274287
6493,19.38756395288546
6494,18.47079510955903
6495,47.64310569787189
6496,39.72613132280304
6497,36.39543205136356
6498,40.48722842304403
6499,39.97940453843342
6500,25.392837109375638
6501,40.33192913415999
6502,39.433810838772985
6503,49.65226688145684
6504,42.37265352698799
6505,41.13384139567662
6506,53.847296783312785
6507,53.52991066147913
6508,35.478449728482424
6509,48.400944225965866
6510,44.7444987392594
6511,44.877031674167895
6512,41.02718706473512
6513,20.2704280844062
6514,35.32956062597918
6515,26.06816971396924
6516,48.95595867996908
6517,33.14519299992656
6518,27.903067001029186
6519,24.802298216903424
6520,40.99982169719884
6521,33.84719630204356
6522,38.53522636691546
6523,39.72613132280304
6524,37.230441602748634
6525,14.996125848468242
6526,34.42705895713959
6527,35.57234004034738
6528,44.911394457011994
6529,28.373270169259175
6530,29.803813941511685
6531,51.74765046586931
6532,17.924016959169126
6533,41.422024769056414
6534,38.291977850995046
6535,47.76318549710712
6536,17.744122145347696
6537,36.5879138574639
6538,33.23775013265802
6539,12.795582226316625
6540,31.7713466191361
6541,15.076660417712905
6542,39.72613132280304
6543,42.29841780064026
6544,40.455734905127855
6545,27.769189800542947
6546,34.9571576692658
6547,36.43277712095488
6548,35.042800517811386
6549,46.54303135151506
6550,23.501468462066843
6551,36.768751721005714
6552,15.316922484536434
6553,15.610700859599902
6554,31.3776710774508
6555,39.47683066745344
6556,43.25820840325812
6557,39.73713391356827
6558,21.843160153065874
6559,43.02589951497813
6560,42.52382416026765
6561,51.13565965625235
6562,38.36114347760372
6563,15.435516173707644
6564,52.734622724040165
6565,33.969944895414166
6566,18.050899414915886
6567,35.003180390803905
6568,42.865755062810585
6569,39.885466861251096
6570,45.901882040478796
6571,36.96124431101468
6572,38.421715248237454
6573,47.93802724574076
6574,44.99657661317461
6575,30.094771894396505
6576,38.892642535141675
6577,35.861630710844786
6578,31.71877654668705
6579,38.91323102589689
6580,38.057460032180956
6581,23.128418449357028
6582,38.639217646915235
6583,20.741212483863848
6584,24.78710742166217
6585,39.78945499743433
6586,34.101335376176515
6587,33.28777886841883
6588,45.00353359998331
6589,35.47355462054427
6590,44.451574457602675
6591,41.85185840410298
6592,39.40792681691295
6593,39.52102087948516
6594,38.709847020453616
6595,40.92225523813881
6596,39.66833978158935
6597,36.051072873190485
6598,34.35614791768689
6599,40.156087176729464
6600,35.852731469816334
6601,34.35405180528713
6602,37.52918368566947
6603,37.21706111097003
6604,27.57188919626213
6605,18.0434025782347
6606,44.74248643130574
6607,18.439283354154096
6608,19.705846043702934
6609,48.49493914925559
6610,31.46223400228055
6611,45.53719703133169
6612,19.830880699445363
6613,44.78935471000252
6614,52.79765771689474
6615,34.35614791768689
6616,52.559129339535986
6617,33.27794652337816
6618,18.981633441005524
6619,42.08052424167307
6620,19.144501940806123
6621,40.74054827779303
6622,42.977951501793825
6623,54.54023950507553
6624,15.947773131695186
6625,48.93141841249376
6626,26.607144559595493
6627,32.03968224714182
6628,45.03880178520733
6629,31.474173051999287
6630,36.00760562045919
6631,27.98428154717527
6632,40.87723851386106
6633,20.30128654211657
6634,37.974487370673515
6635,46.806213205547735
6636,15.4148856565491
6637,16.85357208252985
6638,34.26814592215462
6639,34.07015712041966
6640,16.428383836439405
6641,19.705846043702934
6642,39.1093781800626
6643,36.72830287091424
6644,52.559129339535986
6645,49.06197323650325
6646,17.775078642893845
6647,18.385319839630057
6648,46.01990859689556
6649,43.667307844403815
6650,40.558374140449466
6651,17.924016959169126
6652,40.74054827779303
6653,44.075066165418185
6654,17.036224829575524
6655,45.95546653518552
6656,30.472760456385068
6657,40.74054827779303
6658,37.180301373596535
6659,35.46930870887245
6660,40.690995398539656
6661,44.877031674167895
6662,45.059834690156606
6663,47.103177143875214
6664,36.37882354187065
6665,43.15689604963156
6666,13.527240684945205
6667,50.277845469823525
6668,46.850345349003625
6669,38.35322511495552
6670,12.708694651976593
6671,48.85051651375118
6672,19.342823752866057
6673,54.4266634537929
6674,45.46090373772292
6675,37.70615832910861
6676,44.877031674167895
6677,33.239226456716715
6678,32.320526662547465
6679,35.49386211679187
6680,36.34399388066284
6681,16.77296957046126
6682,18.981633441005524
6683,36.34605879284822
6684,44.983266694856965
6685,63.35262703474507
6686,40.74054827779303
6687,44.93158155553851
6688,50.15111409270957
6689,18.617972325694936
6690,15.218932370426796
6691,26.11401874880253
6692,47.30769445112581
6693,41.01677420093929
6694,42.560762315649214
6695,42.977951501793825
6696,34.75992357588392
6697,51.01119566565198
6698,39.55805579751365
6699,47.637622626467405
6700,23.13546236156808
6701,14.437154143817754
6702,53.847296783312785
6703,36.94940711611972
6704,46.52756938789469
6705,42.977951501793825
6706,14.572756046216522
6707,15.19688042220659
6708,31.882714089694684
6709,40.558374140449466
6710,15.876699868479989
6711,15.773119531383745
6712,17.619479619903018
6713,35.003180390803905
6714,48.33562925978209
6715,18.426589385887052
6716,40.24341155543934
6717,38.68936419200448
6718,34.742224332595285
6719,35.003180390803905
6720,60.65840428157712
6721,19.888002462803193
6722,21.22572513293874
6723,47.52963886711784
6724,38.938051425222426
6725,26.863300627999845
6726,37.140090173578805
6727,35.32956062597918
6728,45.039181679502846
6729,40.92225523813881
6730,41.02718706473512
6731,30.90081494479803
6732,48.922981633233945
6733,33.239226456716715
6734,32.23263023740148
6735,26.036809188825536
6736,24.66706496893799
6737,44.58153452799144
6738,38.73689054105207
6739,49.101785017488794
6740,44.911394457011994
6741,19.342823752866057
6742,45.050333679089796
6743,49.08282873673213
6744,40.59550533376864
6745,40.244771946001734
6746,34.21010011787593
6747,12.395175926087916
6748,18.617972325694936
6749,51.01119566565198
6750,33.22386134977039
6751,44.7794382619458
6752,35.80920539579389
6753,15.067976569597839
6754,24.917356590358004
6755,42.70832934580023
6756,41.969725400756104
6757,36.37882354187065
6758,38.580117041657
6759,38.180997950956396
6760,35.37232833637548
6761,33.78880797097014
6762,38.982622529203475
6763,40.456705021297545
6764,28.647667680385872
6765,20.843802512270912
6766,34.43089442050865
6767,54.688917632403786
6768,42.65674204063643
6769,34.79455553581925
6770,35.84415490312251
6771,47.177069056708504
6772,44.451574457602675
6773,40.044344091761054
6774,21.99225605695457
6775,41.67364909581056
6776,17.182457681901052
6777,36.47380485522163
6778,44.36853244917917
6779,41.55361736683854
6780,16.284856956758127
6781,58.78803088228179
6782,23.925148748013207
6783,33.02895538572284
6784,16.2039125586072
6785,18.75304815903984
6786,40.908117222461726
6787,41.85185840410298
6788,18.00180710593294
6789,39.777693006536815
6790,36.546318385162145
6791,41.13384139567662
6792,35.62872098376811
6793,32.8206744172508
6794,46.60705862754019
6795,45.494436784021886
6796,19.204761596331362
6797,16.65885642063095
6798,17.13762125929377
6799,41.78962253574505
6800,42.32631265869055
6801,50.47636464014996
6802,32.44031088291216
6803,43.972623843956924
6804,60.65840428157712
6805,18.973403311460967
6806,28.345903575775203
6807,35.943847338376926
6808,49.87550157987886
6809,38.487740349796475
6810,36.99386980619433
6811,13.166559577216276
6812,36.72609211800308
6813,32.739078159042144
6814,38.60987548317723
6815,18.816353056827587
6816,28.93596610965574
6817,38.37587162161854
6818,18.71372071250097
6819,34.67548569354586
6820,33.22386134977039
6821,34.678885788499116
6822,23.449398704967855
6823,39.97940453843342
6824,37.67866176905
6825,38.82590007178293
6826,12.214258102694401
6827,12.214258102694401
6828,35.003180390803905
6829,59.59133003222912
6830,58.001854476556744
6831,35.933749340127754
6832,60.92251171125383
6833,47.27478824832631
6834,46.03991289064607
6835,24.820729417483236
6836,34.54761260763771
6837,60.23052650364197
6838,15.947773131695186
6839,39.72998082759491
6840,15.232706115009993
6841,31.84222340437624
6842,44.877031674167895
6843,40.642705417760666
6844,31.956595573652763
6845,23.77078483180005
6846,32.17788120025109
6847,19.63057987972499
6848,36.1268359975554
6849,48.89914654468622
6850,18.40751202361876
6851,18.81388933267757
6852,40.33192913415999
6853,35.6538248190208
6854,42.46590401227764
6855,49.81194897910652
6856,36.67023318614057
6857,40.455734905127855
6858,39.67430474548725
6859,28.690583538465564
6860,36.00700542420676
6861,34.00305815996346
6862,47.93802724574076
6863,20.32225042578081
6864,45.63976208284115
6865,39.49688179797627
6866,50.22099692293442
6867,15.3661095865627
6868,32.874168584792756
6869,30.969578229582922
6870,46.82356337617825
6871,44.25141469219482
6872,44.78935471000252
6873,39.82405013341255
6874,38.639217646915235
6875,40.04280210319698
6876,36.78091294240781
6877,19.969090412580623
6878,41.02718706473512
6879,22.717183532315225
6880,48.85051651375118
6881,38.990830310744514
6882,34.314735183733816
6883,12.708694651976593
6884,23.19773479184458
6885,39.36534476103242
6886,30.48503151827289
6887,49.82099215033675
6888,43.027280183627326
6889,46.34678199529731
6890,63.94589551023541
6891,39.63056332743404
6892,38.639217646915235
6893,42.32631265869055
6894,34.43089442050865
6895,58.63000363627931
6896,18.47079510955903
6897,36.1268359975554
6898,38.30785239486673
6899,25.090551200817476
6900,36.7913587283327
6901,20.440106790491892
6902,41.13384139567662
6903,29.9612518962905
6904,38.36114347760372
6905,40.414647125225855
6906,46.21399666833861
6907,25.838824670478154
6908,34.79455553581925
6909,36.66981888668454
6910,33.39551038029419
6911,38.421715248237454
6912,41.74336654202067
6913,18.981633441005524
6914,46.806213205547735
6915,36.576880310103675
6916,34.024874330729375
6917,25.392837109375638
6918,16.379378027339527
6919,42.240760404703195
6920,33.64074536610505
6921,39.68754841697682
6922,39.520680377791734
6923,19.342823752866057
6924,52.16705318556488
6925,47.0244201415173
6926,33.02895538572284
6927,33.724850937369645
6928,39.547448555350826
6929,51.12767249263908
6930,39.93113881245303
6931,17.73553714691402
6932,39.865402475237175
6933,34.29524204080651
6934,34.79455553581925
6935,36.933206002371534
6936,23.51067751736715
6937,35.224748176609864
6938,52.2638209091391
6939,41.71308276638995
6940,30.47002688924472
6941,14.887610044884529
6942,19.95014702236574
6943,36.62207853047185
6944,43.58394881357256
6945,32.621951905372136
6946,51.187016691943974
6947,46.98923399855915
6948,35.61943990481716
6949,16.827062407033953
6950,40.36700258558715
6951,35.48188330392229
6952,33.239226456716715
6953,40.5169511364612
6954,33.4759441692936
6955,50.340659096389714
6956,36.639336734320636
6957,17.387847690503985
6958,44.01968855740151
6959,17.153138178933222
6960,49.15486635221171
6961,42.45671994513317
6962,17.924016959169126
6963,35.861630710844786
6964,49.51293643323324
6965,37.955269761794895
6966,57.8363811365368
6967,44.92792776763213
6968,37.33230087320064
6969,36.722546595693494
6970,33.80694720448668
6971,34.79455553581925
6972,39.994350626819866
6973,57.77385043787679
6974,35.003180390803905
6975,28.805616983912927
6976,40.83603960320217
6977,38.30785239486673
6978,20.716182994910895
6979,45.80161036853127
6980,12.718992355615654
6981,21.78472991288471
6982,41.107428110777924
6983,29.759323503227886
6984,39.72613132280304
6985,36.22207515187703
6986,29.699602737758703
6987,62.876277056651446
6988,43.99460670989969
6989,45.378154938332116
6990,32.43373845272116
6991,40.518844907895094
6992,51.91853410519337
6993,38.15555256116286
6994,37.43373727695098
6995,52.818011947146104
6996,16.74585972123274
6997,44.5249005840838
6998,48.39397674088669
6999,16.74585972123274
7000,42.45671994513317
7001,18.050899414915886
7002,23.38609884272044
7003,25.6583889978774
7004,33.149071028791326
7005,18.617972325694936
7006,28.63800745229776
7007,35.3071231443763
7008,42.66977608071095
7009,25.838824670478154
7010,40.31715473037817
7011,28.957904569125617
7012,49.45287854219847
7013,35.47355462054427
7014,45.463444918540716
7015,37.35623743147883
7016,39.458073362002196
7017,41.02718706473512
7018,57.16715462254542
7019,49.695029693515934
7020,15.554069722542618
7021,22.921500984380643
7022,33.30474007471501
7023,40.53941843876378
7024,34.35405180528713
7025,40.455734905127855
7026,41.67364909581056
7027,20.716182994910895
7028,36.00204893565314
7029,33.4759441692936
7030,18.47079510955903
7031,41.85185840410298
7032,43.667307844403815
7033,37.21706111097003
7034,12.325996922305574
7035,32.01371504037722
7036,26.15525702088043
7037,39.72613132280304
7038,14.986953702667051
7039,35.003180390803905
7040,38.62554752426653
7041,36.693395995435196
7042,34.908728314040175
7043,31.89569987313935
7044,50.16403085238382
7045,34.0275490563704
7046,34.908728314040175
7047,37.65701684547375
7048,50.47636464014996
7049,40.59550533376864
7050,34.04434489876868
7051,46.23991366982868
7052,43.05193404854015
7053,40.455734905127855
7054,18.617972325694936
7055,16.39692948976029
7056,33.78880797097014
7057,18.47079510955903
7058,42.17177454580995
7059,34.75008127835201
7060,46.796219828652
7061,41.02718706473512
7062,47.61105532357296
7063,49.43640795536125
7064,41.79529167450285
7065,22.936831968659043
7066,36.693395995435196
7067,45.996389400451626
7068,42.09611203182561
7069,17.781715937970123
7070,27.993765874886783
7071,34.895811619847166
7072,40.74054827779303
7073,51.01119566565198
7074,35.811910240449116
7075,39.99017134308171
7076,23.925148748013207
7077,50.675826665806
7078,28.79423330447154
7079,49.61859061150373
7080,36.546318385162145
7081,37.59859186386945
7082,44.877031674167895
7083,41.95175452752001
7084,42.05230820296966
7085,34.05339764838108
7086,40.633737306692545
7087,48.1577450931624
7088,39.8940660380371
7089,39.8940660380371
7090,20.54568706320775
7091,14.850884071901987
7092,36.43277712095488
7093,37.62562413576039
7094,38.639217646915235
7095,53.97741705033265
7096,34.0275490563704
7097,38.024328636065455
7098,44.877031674167895
7099,42.95522239654106
7100,19.972517308058965
7101,20.81195104118541
7102,34.16248560898556
7103,59.7338849872329
7104,41.5704288583112
7105,18.981633441005524
7106,38.60649833058591
7107,39.957134895306694
7108,40.59414085324297
7109,46.48838733527577
7110,53.090220008196724
7111,38.68936419200448
7112,43.68645527061729
7113,39.61442823516316
7114,18.33964682405369
7115,19.705989259018857
7116,47.54714051496107
7117,28.373270169259175
7118,19.497146009156282
7119,13.921607867083324
7120,45.847612745196145
7121,39.18867983500323
7122,22.601486921235942
7123,50.2409913858792
7124,32.44071263027162
7125,47.54714051496107
7126,39.75013573789738
7127,50.85698528725525
7128,18.33964682405369
7129,34.908728314040175
7130,45.70051859482952
7131,54.20007526278642
7132,38.36114347760372
7133,29.998963638535308
7134,48.95595867996908
7135,40.22992747679558
7136,49.87027026630502
7137,21.27583028846935
7138,48.08700627262592
7139,40.649195034735705
7140,36.826950906349964
7141,34.12176046048361
7142,49.96159681759163
7143,33.22386134977039
7144,39.98022639505449
7145,17.781715937970123
7146,44.01968855740151
7147,38.066216486897886
7148,38.45764933650252
7149,36.124449284900045
7150,49.08282873673213
7151,37.51735803381627
7152,17.13762125929377
7153,23.43564792761888
7154,29.699602737758703
7155,42.33460165252198
7156,57.67806172452303
7157,41.13384139567662
7158,54.59167589074736
7159,35.51882109503625
7160,46.460783667060184
7161,37.25477381091874
7162,39.8940660380371
7163,45.909147851570445
7164,40.22992747679558
7165,37.34728994060537
7166,35.96042693370401
7167,34.04434489876868
7168,35.346745191429335
7169,34.79455553581925
7170,45.02601625182683
7171,30.572128136193157
7172,48.12971249798545
7173,46.130940681949426
7174,40.36700258558715
7175,58.582425802483044
7176,45.75301273884553
7177,44.877031674167895
7178,28.957904569125617
7179,45.470716763324795
7180,19.826992790047342
7181,37.230441602748634
7182,44.63464748919515
7183,31.292262661043292
7184,19.36657476737613
7185,64.91017678466156
7186,33.32889876485862
7187,40.74054827779303
7188,31.610743605796568
7189,18.981633441005524
7190,22.191531655029877
7191,34.79455553581925
7192,46.391769421568576
7193,31.990759290434426
7194,37.12971985324469
7195,33.78880797097014
7196,49.0961939130224
7197,39.737066250628445
7198,45.865710137196785
7199,27.056347235963578
7200,43.027280183627326
7201,39.40792681691295
7202,37.230441602748634
7203,36.266327975112745
7204,14.5269083214942
7205,17.66552376408167
7206,17.34713125909461
7207,40.43687809092867
7208,36.492062734011675
7209,35.2792468408805
7210,61.498833388553535
7211,17.32994211840692
7212,32.996031031248506
7213,16.358773333660576
7214,34.024874330729375
7215,34.80316553868172
7216,18.285124448817875
7217,53.44187452941924
7218,28.353703146926314
7219,33.64074536610505
7220,20.23158042794939
7221,23.925148748013207
7222,43.46556137020164
7223,45.4134997260855
7224,46.82257206194413
7225,19.84579262379637
7226,38.35322511495552
7227,17.167867922392084
7228,23.38609884272044
7229,28.373270169259175
7230,34.05339764838108
7231,46.872209969787384
7232,47.06777760411188
7233,20.422629617890593
7234,17.13762125929377
7235,36.572028241307365
7236,44.948231621499595
7237,25.20193774041516
7238,36.27255392833472
7239,46.615451082236405
7240,19.497146009156282
7241,29.33923071749295
7242,54.11822808589708
7243,16.25257676708184
7244,42.01578462421086
7245,50.733578450719605
7246,15.419463784749464
7247,41.51020962339684
7248,36.893091488994834
7249,47.103177143875214
7250,37.83509497967188
7251,28.373270169259175
7252,45.17078502826028
7253,45.662003612212374
7254,23.561075836786983
7255,40.518844907895094
7256,53.83992454394755
7257,42.64872555001091
7258,51.01119566565198
7259,46.52756938789469
7260,15.217522390698491
7261,54.262858511798484
7262,36.217813095744276
7263,60.23052650364197
7264,39.31352465146646
7265,38.07158572828619
7266,45.46090373772292
7267,39.458073362002196
7268,40.36700258558715
7269,32.08121386075951
7270,38.07064641251456
7271,42.397010135462715
7272,15.694484852580398
7273,33.799347569163245
7274,34.17321973202083
7275,46.36445714361849
7276,53.88151560017129
7277,45.909147851570445
7278,41.811871689403084
7279,45.00663685307445
7280,47.790190322587904
7281,47.091684268244684
7282,44.78935471000252
7283,35.12425484052262
7284,36.00760562045919
7285,38.37587162161854
7286,35.042800517811386
7287,19.627904585629317
7288,39.959195474787975
7289,29.461326225479358
7290,40.9083140937388
7291,40.558374140449466
7292,23.215906194491776
7293,46.52831764986935
7294,44.13764516790676
7295,31.71877654668705
7296,18.862563598732137
7297,39.8940660380371
7298,39.93440253430552
7299,15.03413797173392
7300,39.63782748843593
7301,35.770867744835115
7302,39.737066250628445
7303,40.016591657062435
7304,55.248948032249984
7305,38.639217646915235
7306,13.460551632883732
7307,18.51968879045169
7308,40.36700258558715
7309,38.30785239486673
7310,41.85185840410298
7311,43.027280183627326
7312,53.26376396549743
7313,27.532506397306847
7314,32.87943365140028
7315,26.052080839413208
7316,33.28777886841883
7317,40.31715473037817
7318,32.477443603509336
7319,49.634943064511816
7320,38.990830310744514
7321,40.69682678406534
7322,54.515517050709214
7323,32.26548700692562
7324,39.91190380277044
7325,23.17489557625739
7326,38.639217646915235
7327,39.954398440351504
7328,20.716182994910895
7329,38.68936419200448
7330,15.435516173707644
7331,40.455734905127855
7332,39.23400001476702
7333,44.01373359278702
7334,18.40751202361876
7335,38.639217646915235
7336,15.131972194828887
7337,12.842330419348055
7338,17.871405052435858
7339,36.35655422184677
7340,28.242288500569487
7341,43.667307844403815
7342,41.53157691577487
7343,48.30409617520014
7344,32.998299329929125
7345,44.983266694856965
7346,19.28191210772025
7347,34.0275490563704
7348,54.625788097223236
7349,15.610700859599902
7350,16.284856956758127
7351,11.404116058168544
7352,35.37232833637548
7353,38.76765976313077
7354,40.38373001341607
7355,46.850345349003625
7356,47.409020062740076
7357,37.2073460721762
7358,38.01071190365051
7359,34.80316553868172
7360,34.43089442050865
7361,52.07910383482437
7362,38.35322511495552
7363,39.458073362002196
7364,64.08557074431947
7365,35.87547912243733
7366,50.03264181780833
7367,48.121782570080185
7368,15.68883822067156
7369,37.46560819473321
7370,20.574467802355066
7371,38.30785239486673
7372,42.32631265869055
7373,17.828187873546508
7374,13.527240684945205
7375,38.27255677587974
7376,36.4348211751156
7377,48.526198660429806
7378,34.942471732123416
7379,18.617972325694936
7380,19.063153970902846
7381,34.9868109340099
7382,17.924016959169126
7383,45.114636917953035
7384,14.45999354269265
7385,27.799389904093577
7386,41.01772189593305
7387,41.869520587195844
7388,34.04434489876868
7389,35.463441569982834
7390,36.750497735473644
7391,25.990499745219125
7392,19.092526137753023
7393,48.922981633233945
7394,33.02895538572284
7395,36.4996947693186
7396,48.30409617520014
7397,44.38335763725856
7398,48.9261485263324
7399,31.252543913186642
7400,36.48685066306242
7401,38.94001550444005
7402,45.80161036853127
7403,50.49042443842781
7404,16.284856956758127
7405,42.22227880821984
7406,34.79455553581925
7407,40.49109526767881
7408,15.877076202183154
7409,42.77576424556575
7410,20.074569252820154
7411,28.79423330447154
7412,19.204761596331362
7413,38.91323102589689
7414,25.762032686135417
7415,45.60228185064057
7416,37.96550201391164
7417,36.86640507339791
7418,40.36700258558715
7419,31.258164187414774
7420,41.657028716164696
7421,36.07905077896936
7422,39.63056332743404
7423,40.74054827779303
7424,23.737944792705726
7425,23.449398704967855
7426,42.24802201760013
7427,53.111069624542445
7428,32.44071263027162
7429,37.72806468743865
7430,51.43676981064306
7431,40.491610337990316
7432,49.06197323650325
7433,51.13565965625235
7434,54.688917632403786
7435,24.386881807849562
7436,19.293012197200994
7437,16.68439778865297
7438,35.86118931923168
7439,37.25477381091874
7440,36.00700542420676
7441,45.65100112118269
7442,44.99908368470602
7443,42.45671994513317
7444,17.649845200789212
7445,35.39845087324223
7446,16.74585972123274
7447,39.72613132280304
7448,18.981633441005524
7449,18.8465992976489
7450,39.314811434517274
7451,20.574467802355066
7452,37.44055800605847
7453,43.53066219119771
7454,37.140090173578805
7455,35.58984964067781
7456,31.84222340437624
7457,47.54004318725744
7458,46.850345349003625
7459,54.425148520752046
7460,41.85185840410298
7461,60.116117363009266
7462,39.40792681691295
7463,41.6856230504442
7464,50.703133253762516
7465,51.9066340561092
7466,15.419463784749464
7467,25.201142409815006
7468,44.877031674167895
7469,44.52899549613404
7470,36.13961125508652
7471,33.75420720133835
7472,51.9066340561092
7473,23.717664785938616
7474,40.690995398539656
7475,38.1554908215789
7476,38.30785239486673
7477,37.2447234118018
7478,23.553959864179536
7479,37.811235624624594
7480,35.20734646044772
7481,33.78880797097014
7482,38.77189197412049
7483,48.437878443449904
7484,39.73211299774397
7485,18.981633441005524
7486,14.591864279873558
7487,49.05087966777197
7488,37.63536090565596
7489,32.08121386075951
7490,19.209606490579727
7491,36.00204893565314
7492,39.957134895306694
7493,17.105439806836007
7494,44.907951476263136
7495,42.977951501793825
7496,46.556143151484164
7497,35.27954705884989
7498,38.79788776997848
7499,19.16828184366409
7500,20.574467802355066
7501,35.32956062597918
7502,40.455734905127855
7503,41.69820557515108
7504,15.84135590566477
7505,37.17444172469997
7506,40.455734905127855
7507,35.478449728482424
7508,16.85357208252985
7509,44.18446132915309
7510,38.790220898059
7511,23.195843292956283
7512,18.916340450745707
7513,42.775135524075786
7514,39.78966497045175
7515,49.07276519178307
7516,33.79981546569498
7517,36.14037086287576
7518,22.097573783058607
7519,34.942471732123416
7520,29.126906034341204
7521,14.445998094771713
7522,16.539128217040066
7523,40.39927249743175
7524,37.227918728094124
7525,12.188543893591685
7526,13.371037992146931
7527,36.1268359975554
7528,40.92225523813881
7529,17.73553714691402
7530,21.26899775239192
7531,19.830880699445363
7532,39.59144592711302
7533,38.34051906453475
7534,41.51020962339684
7535,47.71524214867985
7536,24.243671793935896
7537,18.617972325694936
7538,58.001854476556744
7539,45.310166178313935
7540,34.32107312863626
7541,14.572756046216522
7542,15.514499100204187
7543,37.62098728589652
7544,45.24428722807292
7545,52.722834520357445
7546,18.426536153640804
7547,14.195106082825642
7548,40.854771598229384
7549,20.716182994910895
7550,12.842330419348055
7551,41.55361736683854
7552,43.58394881357256
7553,46.62232077350116
7554,35.18430203564892
7555,50.78263575698144
7556,40.62147843551965
7557,47.839444710228555
7558,33.492864937223416
7559,36.18342482805276
7560,44.0543442714855
7561,39.19689671817025
7562,50.63663068901576
7563,32.76804790236374
7564,41.75547638688386
7565,14.591864279873558
7566,40.63453327533749
7567,40.33192913415999
7568,49.635404446635825
7569,23.017905518100726
7570,26.591710606973653
7571,44.01373359278702
7572,40.704497996240065
7573,60.23052650364197
7574,43.76860752709936
7575,29.278831898900602
7576,18.06172485624202
7577,34.82199540270999
7578,32.36013225470661
7579,23.195843292956283
7580,18.033830542671343
7581,34.80316553868172
7582,38.68936419200448
7583,23.925148748013207
7584,53.61005680513773
7585,47.330031668620975
7586,28.597476596791203
7587,26.73770818160302
7588,42.984304369222
7589,23.645328808636016
7590,46.231283255580976
7591,35.943847338376926
7592,20.716182994910895
7593,48.54944427224808
7594,45.591841231255536
7595,30.30858109083998
7596,42.00803594176456
7597,50.983178738157235
7598,23.1255215581196
7599,30.90081494479803
7600,38.997031724604575
7601,40.38576974597644
7602,32.13265597995536
7603,35.980537399278184
7604,40.5381130700247
7605,17.23725455409332
7606,32.37242444776821
7607,29.699602737758703
7608,46.850345349003625
7609,52.734622724040165
7610,34.79455553581925
7611,39.71110094434617
7612,36.5879138574639
7613,34.500491900690974
7614,34.197230446352954
7615,18.981633441005524
7616,42.45671994513317
7617,34.63779040125097
7618,39.00351860481578
7619,36.5826753324269
7620,28.692783863160198
7621,48.93141841249376
7622,31.773933804848905
7623,40.455734905127855
7624,14.66633039618322
7625,38.880623167555704
7626,39.891943135324055
7627,39.957134895306694
7628,34.314735183733816
7629,35.12694698712577
7630,19.412434754137557
7631,34.248884816777604
7632,35.042800517811386
7633,12.708694651976593
7634,37.47830048832554
7635,25.465153317435647
7636,40.947025056486446
7637,40.518844907895094
7638,17.24830694040539
7639,32.76804790236374
7640,32.08121386075951
7641,18.47079510955903
7642,40.31715473037817
7643,40.518844907895094
7644,42.47031004996951
7645,18.87835875421466
7646,18.104123262320442
7647,34.248884816777604
7648,37.31410824840947
7649,12.661763473510554
7650,52.559129339535986
7651,27.78277401100096
7652,15.220204595525356
7653,41.59979624838054
7654,45.71625167182336
7655,37.34598756237516
7656,44.05259964211887
7657,46.00809430449064
7658,37.30211328170148
7659,45.53228125058204
7660,38.641225573091255
7661,31.215926364523757
7662,40.877828769326115
7663,39.97940453843342
7664,38.3121350677929
7665,35.0268177436134
7666,37.21706111097003
7667,19.983444729600393
7668,58.001854476556744
7669,34.77702739951996
7670,39.72613132280304
7671,12.724860111131186
7672,37.09627267162631
7673,16.50387810515027
7674,27.1017049075259
7675,17.216645441075055
7676,16.361862629752526
7677,26.66923216452629
7678,41.06463367992966
7679,41.02718706473512
7680,40.31715473037817
7681,39.1093781800626
7682,46.76147617143361
7683,40.33192913415999
7684,35.24126972389347
7685,39.498653470952576
7686,35.90076118821551
7687,23.786724854900548
7688,25.63503212732499
7689,37.93491729503821
7690,35.03647346004963
7691,23.717664785938616
7692,46.99049260274276
7693,38.024328636065455
7694,31.052869872323097
7695,35.16737121965532
7696,46.43928816199404
7697,25.298738838865113
7698,41.263076079424465
7699,42.77576424556575
7700,44.26814082980309
7701,40.92225523813881
7702,38.25276583570652
7703,47.84832991561496
7704,14.974310357040132
7705,34.35405180528713
7706,44.434525512505886
7707,42.46590401227764
7708,32.76804790236374
7709,33.506041086210566
7710,34.314735183733816
7711,35.478449728482424
7712,57.77385043787679
7713,25.46747367103389
7714,34.027258374629426
7715,38.61516549252119
7716,27.513597540371812
7717,18.050899414915886
7718,48.27322715640418
7719,12.724860111131186
7720,42.127433889395306
7721,15.72065541006915
7722,40.59414085324297
7723,34.75008127835201
7724,34.39117779370067
7725,13.460551632883732
7726,45.17078502826028
7727,34.709649733819674
7728,46.465927264919245
7729,47.54714051496107
7730,40.455734905127855
7731,47.70687775821108
7732,34.90930189855422
7733,62.748972154732726
7734,17.924016959169126
7735,34.16434403894579
7736,22.622050239402114
7737,58.001854476556744
7738,60.92251171125383
7739,43.34842315267433
7740,36.30976094462197
7741,18.821572916373746
7742,35.27954705884989
7743,39.00817054532519
7744,40.455734905127855
7745,22.921500984380643
7746,39.23271110157674
7747,35.12425484052262
7748,22.66796767684879
7749,44.38187049837259
7750,34.39117779370067
7751,29.900544250152354
7752,37.21706111097003
7753,27.799389904093577
7754,38.68936419200448
7755,41.38423699143249
7756,40.37707943857592
7757,34.79455553581925
7758,39.458073362002196
7759,33.43751726030516
7760,46.51746095622789
7761,43.85353938157201
7762,47.54714051496107
7763,17.153138178933222
7764,59.59133003222912
7765,34.49035598065133
7766,40.31715473037817
7767,40.563602794223165
7768,38.35322511495552
7769,33.29383759310201
7770,40.22037322005121
7771,41.49573411835396
7772,46.288111235624896
7773,36.95634031522786
7774,46.85395766911475
7775,40.74054827779303
7776,40.16739446042662
7777,39.1093781800626
7778,18.514143373679374
7779,35.720547892784225
7780,18.816353056827587
7781,34.314735183733816
7782,48.30409617520014
7783,18.050899414915886
7784,34.79455553581925
7785,46.8509365278215
7786,42.9550605882411
7787,40.62147843551965
7788,40.360155097110734
7789,34.79455553581925
7790,15.435516173707644
7791,32.28915783198691
7792,49.02688508931204
7793,37.448679951780505
7794,20.669122449534875
7795,36.068580078231626
7796,59.732582888944236
7797,43.698504592486124
7798,25.67656374094269
7799,19.705989259018857
7800,46.00809430449064
7801,17.73553714691402
7802,15.35076494545197
7803,40.518844907895094
7804,36.72560649839275
7805,38.9805296729969
7806,35.003180390803905
7807,17.924016959169126
7808,31.990759290434426
7809,40.75264266315488
7810,37.30211328170148
7811,36.89810179997306
7812,15.883745123153297
7813,21.82328721778868
7814,35.00591733402313
7815,48.41864093709742
7816,25.392837109375638
7817,32.91059436243394
7818,19.228780418237037
7819,42.45671994513317
7820,43.667307844403815
7821,20.843802512270912
7822,57.44654289916351
7823,18.816353056827587
7824,52.9335043757026
7825,21.694100228446572
7826,53.257760500205904
7827,13.254329585334723
7828,39.082108952803644
7829,14.35910736311692
7830,52.559129339535986
7831,15.873880422451684
7832,32.76804790236374
7833,39.97940453843342
7834,39.458073362002196
7835,34.07015712041966
7836,57.16715462254542
7837,16.85235875517623
7838,33.36279653167576
7839,36.62675948548719
7840,34.16434403894579
7841,38.80036543464106
7842,19.782772003660412
7843,20.013151146927243
7844,33.29055242999228
7845,42.397010135462715
7846,36.5879138574639
7847,39.31474377157745
7848,15.987783585968696
7849,22.24187628775748
7850,29.077883509048892
7851,37.72806468743865
7852,38.9805296729969
7853,38.30785239486673
7854,25.435500947045288
7855,52.895307792512554
7856,34.05339764838108
7857,21.710703673662675
7858,36.455754745084796
7859,40.9083140937388
7860,17.182457681901052
7861,38.982537599172915
7862,37.08914986061266
7863,17.04422024244577
7864,41.14287118371732
7865,16.270686368709907
7866,34.44677885657945
7867,34.027258374629426
7868,32.874168584792756
7869,15.59905006855061
7870,34.04434489876868
7871,13.432043689435702
7872,28.417167593355313
7873,33.01909417707351
7874,37.15307502555017
7875,48.30078623771423
7876,34.79455553581925
7877,18.973403311460967
7878,15.435516173707644
7879,15.773119531383745
7880,17.979658282313956
7881,32.15676666624226
7882,33.2644447425949
7883,48.20853564538654
7884,17.675517140977405
7885,41.13384139567662
7886,18.816353056827587
7887,39.82405013341255
7888,47.5739246315501
7889,40.55514588799343
7890,41.65719303230994
7891,40.58884488037842
7892,27.967490619440433
7893,33.4759441692936
7894,36.57593219327326
7895,52.07910383482437
7896,45.830370081580135
7897,40.39927249743175
7898,41.248167364103516
7899,12.526640829434452
7900,18.617972325694936
7901,36.113153936552436
7902,31.71877654668705
7903,17.13762125929377
7904,52.508445233901725
7905,48.61796748915297
7906,38.35322511495552
7907,58.4478452105493
7908,30.572128136193157
7909,40.455734905127855
7910,44.23258232976373
7911,18.981633441005524
7912,46.231283255580976
7913,34.79455553581925
7914,23.57961101138845
7915,29.903693401840755
7916,49.06197323650325
7917,38.53522636691546
7918,41.55361736683854
7919,42.36257239416645
7920,17.34351327667728
7921,39.404845060877996
7922,47.93802724574076
7923,38.639217646915235
7924,44.588334122265096
7925,48.20853564538654
7926,42.77576424556575
7927,33.22386134977039
7928,38.17945206424418
7929,38.50239128171612
7930,36.02712547122746
7931,58.001854476556744
7932,41.263076079424465
7933,15.435516173707644
7934,46.12313690790867
7935,23.322855672571727
7936,51.01119566565198
7937,17.924016959169126
7938,51.9066340561092
7939,36.00760562045919
7940,39.8940660380371
7941,20.03010120073309
7942,37.44724196684177
7943,38.30785239486673
7944,16.940804919412727
7945,43.667307844403815
7946,36.00204893565314
7947,17.388080419982334
7948,44.983266694856965
7949,22.923382028586573
7950,38.60987548317723
7951,20.15350416053326
7952,14.5269083214942
7953,57.44654289916351
7954,35.84415490312251
7955,48.85051651375118
7956,39.49688179797627
7957,15.419463784749464
7958,46.231283255580976
7959,13.944243402287174
7960,51.01119566565198
7961,36.546318385162145
7962,13.606423173049063
7963,40.74914075312289
7964,39.946624062765544
7965,48.511083847249814
7966,45.92470523298956
7967,17.13762125929377
7968,20.264572368927944
7969,37.811235624624594
7970,44.78935471000252
7971,38.565760533360724
7972,27.63576061247258
7973,39.49688179797627
7974,49.05087966777197
7975,48.75580400804851
7976,44.17483496821089
7977,38.34877578050128
7978,41.762602767080345
7979,15.415074339939238
7980,17.13762125929377
7981,37.30211328170148
7982,34.29349184321914
7983,34.217527456860054
7984,17.64103596259123
7985,42.45671994513317
7986,39.59250066080308
7987,44.911394457011994
7988,37.74401592268855
7989,39.72613132280304
7990,19.204761596331362
7991,24.7296648871258
7992,20.42472946523678
7993,52.606884790772874
7994,41.02718706473512
7995,33.75986656017655
7996,35.88531724396101
7997,44.343035726525365
7998,48.328553087114145
7999,37.48868583552408
8000,18.973403311460967
8001,33.78880797097014
8002,37.45608375184902
8003,34.583283221929214
8004,38.91323102589689
8005,40.74054827779303
8006,50.30292309136615
8007,17.153138178933222
8008,34.047639662956236
8009,15.21298587528521
8010,52.559129339535986
8011,16.284856956758127
8012,36.5879138574639
8013,36.03009784398715
8014,34.314735183733816
8015,14.35910736311692
8016,38.5860220358944
8017,38.441682287089996
8018,49.601599739460866
8019,17.481936427253174
8020,30.759262752494422
8021,33.229000098055764
8022,15.976802509592293
8023,36.38558183287054
8024,18.617972325694936
8025,35.26345165639372
8026,45.947811746297745
8027,34.04434489876868
8028,40.62147843551965
8029,16.740915294896
8030,40.558374140449466
8031,32.03968224714182
8032,33.731917287188935
8033,39.56857414588667
8034,41.263076079424465
8035,16.22877391255343
8036,47.022162359460964
8037,47.36107009413465
8038,21.786184362956057
8039,37.33230087320064
8040,54.66948966036348
8041,19.38756395288546
8042,40.908117222461726
8043,20.716182994910895
8044,34.5356022704879
8045,36.983200175946266
8046,35.925918197561494
8047,54.17895144804745
8048,40.39927249743175
8049,18.64953738090021
8050,38.278218529190646
8051,39.737066250628445
8052,32.08121386075951
8053,42.764744545390954
8054,62.748972154732726
8055,48.33276414840648
8056,25.63503212732499
8057,34.942471732123416
8058,16.873260256774216
8059,32.571459770685166
8060,46.69499477457864
8061,33.03051425291654
8062,38.29042283442149
8063,44.451574457602675
8064,37.668179053025945
8065,39.75013573789738
8066,25.63503212732499
8067,35.37232833637548
8068,34.35614791768689
8069,45.17078502826028
8070,22.097573783058607
8071,53.44782612253024
8072,62.748972154732726
8073,40.518844907895094
8074,39.458073362002196
8075,28.064385290524058
8076,32.874168584792756
8077,20.843802512270912
8078,23.130807004634438
8079,20.419543526537495
8080,47.177069056708504
8081,45.93175785422649
8082,44.877031674167895
8083,49.91968130467498
8084,45.99390988960148
8085,31.04004102287756
8086,17.493420122535497
8087,36.5879138574639
8088,34.05339764838108
8089,20.419543526537495
8090,39.78945499743433
8091,41.66674793712526
8092,34.04434489876868
8093,44.451574457602675
8094,48.93141841249376
8095,33.61692613385543
8096,17.433926432625597
8097,18.617972325694936
8098,34.79455553581925
8099,22.49652967113444
8100,41.36242785860173
8101,44.63129070650938
8102,18.47079510955903
8103,44.353051384755894
8104,42.9841705664753
8105,25.290587768679472
8106,40.47575361503674
8107,35.5287842824212
8108,37.83509497967188
8109,18.973403311460967
8110,36.1268359975554
8111,40.01804924785501
8112,51.70709459112636
8113,44.64286990294695
8114,26.92962867026941
8115,42.45671994513317
8116,39.53980530711026
8117,20.938116450945614
8118,38.990830310744514
8119,58.81403405698152
8120,36.00700542420676
8121,14.234844255049047
8122,31.717770950335854
8123,43.900913105876135
8124,30.24037176726918
8125,34.027258374629426
8126,23.215906194491776
8127,40.89846329770498
8128,24.964043852884256
8129,59.59133003222912
8130,45.370563596567024
8131,39.8940660380371
8132,15.818731788008815
8133,33.28777886841883
8134,17.73998289755587
8135,18.47079510955903
8136,34.75008127835201
8137,54.06315191059572
8138,39.891943135324055
8139,34.828823166649585
8140,23.43564792761888
8141,36.488636361920776
8142,18.47079510955903
8143,26.14430058681431
8144,44.4520413988534
8145,50.225913402412615
8146,43.027280183627326
8147,53.26376396549743
8148,15.796298598132402
8149,52.02257471839272
8150,53.25462067071089
8151,32.17788120025109
8152,18.003887108930968
8153,17.662421386869838
8154,35.365329378014145
8155,26.052080839413208
8156,47.0244201415173
8157,40.59550533376864
8158,41.23645331675927
8159,23.449398704967855
8160,44.10458158877944
8161,49.10268811655948
8162,48.27322715640418
8163,44.451574457602675
8164,37.59611372048452
8165,21.14648309095132
8166,35.852243480775016
8167,53.98670281949861
8168,33.14519299992656
8169,36.5879138574639
8170,30.68338708176391
8171,46.231283255580976
8172,14.141758696240572
8173,41.613426985301686
8174,35.490342659451166
8175,17.675517140977405
8176,48.922981633233945
8177,25.53196345197787
8178,24.019107752979032
8179,38.241262080940494
8180,45.65406376759152
8181,20.171204394261018
8182,44.877031674167895
8183,23.746107946895165
8184,35.89485153867806
8185,48.08700627262592
8186,23.017905518100726
8187,34.61377256297828
8188,12.724860111131186
8189,16.751860845267426
8190,46.64526419073376
8191,19.432909691371215
8192,27.06825117248939
8193,34.024874330729375
8194,42.15030889345931
8195,25.85559977198151
8196,45.37479511547932
8197,47.06430621938638
8198,43.06194777438504
8199,39.45213937945939
8200,28.42627937168455
8201,42.64999292059587
8202,33.00466596385341
8203,20.012756645979472
8204,42.99709206399176
8205,32.75485584941493
8206,61.206604030388434
8207,59.59133003222912
8208,45.155305346686575
8209,55.03450791198525
8210,60.62115049193752
8211,19.705846043702934
8212,15.435516173707644
8213,39.59144592711302
8214,44.7444987392594
8215,38.442320092531325
8216,39.97940453843342
8217,42.69785208047654
8218,35.81235966344219
8219,36.00700542420676
8220,31.71877654668705
8221,40.908117222461726
8222,33.22386134977039
8223,26.14430058681431
8224,46.21083145684806
8225,35.478449728482424
8226,50.95428500715051
8227,54.87747584521489
8228,34.35405180528713
8229,19.979819392031438
8230,41.16260749226196
8231,38.30785239486673
8232,48.20468762903816
8233,45.60996992918541
8234,40.518844907895094
8235,38.85729616195681
8236,35.90076118821551
8237,36.36677622113614
8238,19.3591616533059
8239,29.773697200186874
8240,46.86260995648524
8241,14.574180972531174
8242,50.11232929078813
8243,38.595563402760504
8244,39.12323396532634
8245,50.983178738157235
8246,34.35614791768689
8247,34.68469227723923
8248,51.17780506672131
8249,38.87059370045589
8250,18.42913494682508
8251,45.24428722807292
8252,42.36216766413373
8253,36.89065735273736
8254,40.518844907895094
8255,37.648384626573396
8256,25.465153317435647
8257,36.5879138574639
8258,41.61390515423524
8259,27.38712105736831
8260,20.150062129828758
8261,43.85353938157201
8262,36.70943139634928
8263,15.435516173707644
8264,43.70668438593803
8265,22.601486921235942
8266,50.778627742787364
8267,44.04736951158118
8268,18.184053309580133
8269,34.942471732123416
8270,25.800137721758162
8271,17.352998605569685
8272,38.49782040111586
8273,18.617972325694936
8274,40.78646733334358
8275,27.378351548928944
8276,40.64914126623235
8277,39.458073362002196
8278,23.017905518100726
8279,11.100727132885034
8280,46.96600400706603
8281,38.938447685899796
8282,26.475823009837924
8283,34.027258374629426
8284,34.9571576692658
8285,21.78472991288471
8286,30.119958074959612
8287,23.925148748013207
8288,34.9571576692658
8289,13.460551632883732
8290,18.973403311460967
8291,18.981633441005524
8292,32.585232676297
8293,38.982537599172915
8294,35.37232833637548
8295,37.95003000581879
8296,26.055409439909226
8297,44.7794382619458
8298,37.10760436383279
8299,39.1093781800626
8300,24.287549507385613
8301,49.21221169065667
8302,37.01201505394917
8303,35.32956062597918
8304,45.463444918540716
8305,47.42977743406441
8306,38.982537599172915
8307,45.463444918540716
8308,15.122193333419165
8309,39.5974305294834
8310,50.57893515471737
8311,45.917170693592205
8312,29.87894854620307
8313,40.78646733334358
8314,14.91323892709805
8315,35.90076118821551
8316,33.22386134977039
8317,39.776879715322906
8318,39.957134895306694
8319,17.662421386869838
8320,28.63344203824781
8321,44.7444987392594
8322,20.758342708173522
8323,43.811351790607056
8324,53.054846637086385
8325,45.02601625182683
8326,39.37833410604048
8327,30.41759128045131
8328,47.44920418437819
8329,17.016785450549015
8330,14.45999354269265
8331,48.36670789033419
8332,44.911394457011994
8333,51.9066340561092
8334,35.47355462054427
8335,47.30160609623881
8336,20.15350416053326
8337,40.40151937194574
8338,31.750204813604984
8339,18.243226483199017
8340,40.398642283820266
8341,28.79423330447154
8342,39.52102087948516
8343,34.055509296388585
8344,40.908117222461726
8345,43.420500094876274
8346,12.718992355615654
8347,24.802298216903424
8348,53.69676883386015
8349,38.350762948357286
8350,28.647667680385872
8351,47.0244201415173
8352,35.610927307120264
8353,42.15949296060378
8354,44.23258232976373
8355,45.829551162518065
8356,44.01302695778395
8357,42.72096253042989
8358,37.85374047098636
8359,36.348366156790384
8360,42.253042268464235
8361,14.147201667548945
8362,46.460783667060184
8363,48.20357872003909
8364,34.681691415230254
8365,17.13762125929377
8366,34.25845052487251
8367,17.286909300786775
8368,39.40792681691295
8369,40.4698997779419
8370,36.00700542420676
8371,58.313655453899855
8372,41.60098756982774
8373,32.591885303397945
8374,47.93802724574076
8375,34.79455553581925
8376,24.820729417483236
8377,38.53951295895348
8378,33.478214866356225
8379,43.027280183627326
8380,39.82405013341255
8381,26.614092005855788
8382,46.688650026044755
8383,28.59705438588733
8384,38.23845096435182
8385,38.9805296729969
8386,39.777693006536815
8387,46.366989470886246
8388,38.941749116037
8389,39.72613132280304
8390,32.65046339581486
8391,34.942471732123416
8392,59.48025516954475
8393,37.44724196684177
8394,38.648267698114566
8395,35.3071231443763
8396,36.21761921601701
8397,38.87059370045589
8398,39.21870858010117
8399,54.16680320482911
8400,40.690995398539656
8401,37.584662017334864
8402,34.64503511344998
8403,44.49748063521284
8404,16.20836777053263
8405,45.847612745196145
8406,39.49688179797627
8407,45.96461873402423
8408,34.09531613752498
8409,41.21796846162427
8410,30.331356555513256
8411,42.29693569601622
8412,27.98428154717527
8413,37.42332477683908
8414,35.02293938400727
8415,26.624634369617567
8416,38.38225250654067
8417,35.003180390803905
8418,36.09384500057024
8419,45.667451467511135
8420,36.66960408722906
8421,43.00164029175616
8422,44.744130917233946
8423,25.63503212732499
8424,23.449398704967855
8425,37.677474030122276
8426,44.691257761373144
8427,33.88157513990255
8428,34.908728314040175
8429,47.177069056708504
8430,15.69021529091356
8431,40.36704654240615
8432,14.45999354269265
8433,39.75013573789738
8434,39.92706233355286
8435,17.011123649329072
8436,20.818533588816976
8437,47.356585954289
8438,24.802298216903424
8439,29.658060029463762
8440,35.17503358871069
8441,32.17788120025109
8442,38.35263157978858
8443,18.862563598732137
8444,29.283886686414753
8445,40.455734905127855
8446,45.847612745196145
8447,43.027280183627326
8448,43.098177136886115
8449,18.916340450745707
8450,58.98052678695237
8451,19.14140396118388
8452,40.36700258558715
8453,33.78880797097014
8454,47.1931929630203
8455,54.12676451726665
8456,42.024926599678835
8457,48.12568095574952
8458,17.029714693390765
8459,18.47079510955903
8460,33.72427264108905
8461,39.458073362002196
8462,19.400757125607655
8463,34.79455553581925
8464,34.55516827320223
8465,26.052080839413208
8466,44.78935471000252
8467,34.79455553581925
8468,42.81189961288258
8469,47.47006882355658
8470,40.455734905127855
8471,14.799164069393633
8472,34.024874330729375
8473,41.96712503021019
8474,60.23052650364197
8475,36.00700542420676
8476,22.936831968659043
8477,35.86118931923168
8478,39.97940453843342
8479,15.21298587528521
8480,34.44936410440714
8481,39.97940453843342
8482,41.263076079424465
8483,17.13762125929377
8484,53.57939727424722
8485,38.49782040111586
8486,47.54714051496107
8487,20.13963348570246
8488,49.169596677481934
8489,44.7444987392594
8490,22.713349561861733
8491,36.52380354697068
8492,38.38928494070641
8493,41.51020962339684
8494,19.970253397999237
8495,36.235025393165316
8496,49.90957151338852
8497,44.066478679230215
8498,43.667307844403815
8499,18.050899414915886
8500,32.378900236373504
8501,46.615451082236405
8502,39.75013573789738
8503,19.63057987972499
8504,24.844488884750845
8505,48.58636904265448
8506,41.89850441133814
8507,58.001854476556744
8508,44.911394457011994
8509,49.33601622947935
8510,19.39363789499494
8511,24.202242980378966
8512,38.21415266285478
8513,61.027807366793
8514,49.00601360457027
8515,19.389020356230454
8516,36.65973828469801
8517,34.54761260763771
8518,25.67656374094269
8519,18.617972325694936
8520,43.32499893331067
8521,40.80890995952034
8522,25.465153317435647
8523,25.63503212732499
8524,44.730935474649456
8525,27.0550503439439
8526,44.64586202469291
8527,41.524596190704756
8528,50.21988687252058
8529,18.617972325694936
8530,50.060726632513074
8531,25.184593536221143
8532,19.408254186993627
8533,17.125224953599137
8534,39.49688179797627
8535,25.96289425467711
8536,41.02718706473512
8537,18.981633441005524
8538,43.87373635292547
8539,35.52526186923119
8540,14.8584761940526
8541,19.690040676729716
8542,38.353292777895355
8543,23.195843292956283
8544,29.699602737758703
8545,43.811351790607056
8546,33.78880797097014
8547,39.433034198947325
8548,19.087186039924987
8549,53.91052745656225
8550,21.05918585991646
8551,44.451574457602675
8552,36.22995039351597
8553,26.248779503708725
8554,31.71877654668705
8555,39.59144592711302
8556,40.92225523813881
8557,44.26814082980309
8558,40.455734905127855
8559,53.52550000535834
8560,17.924016959169126
8561,42.46590401227764
8562,49.08282873673213
8563,34.67548569354586
8564,38.35907230861471
8565,46.723251646615076
8566,16.751860845267426
8567,28.94988267367071
8568,40.455734905127855
8569,42.937124755701944
8570,23.645651533523804
8571,43.55283631112873
8572,28.781501699889763
8573,23.17489557625739
8574,43.20789675748684
8575,43.027280183627326
8576,22.942290281261414
8577,46.82257206194413
8578,35.94387311477336
8579,40.48722842304403
8580,35.03882373679852
8581,40.92225523813881
8582,42.977951501793825
8583,39.93440253430552
8584,32.53941787985067
8585,40.455734905127855
8586,45.63976208284115
8587,38.88708642839935
8588,41.96274884081202
8589,41.02718706473512
8590,23.57961101138845
8591,46.68477782402698
8592,39.52102087948516
8593,33.78880797097014
8594,41.28480686470073
8595,25.901797819255208
8596,20.585464278250782
8597,39.891943135324055
8598,44.434525512505886
8599,39.97940453843342
8600,44.451574457602675
8601,34.314735183733816
8602,14.45999354269265
8603,21.6249357513137
8604,29.333275111264154
8605,50.983178738157235
8606,29.591174072848702
8607,40.09396498124829
8608,20.723898515850774
8609,14.591864279873558
8610,54.45651993058942
8611,59.732582888944236
8612,34.709649733819674
8613,38.660709212291955
8614,60.23052650364197
8615,39.8469075578988
8616,35.529870712946334
8617,50.983178738157235
8618,29.38501588591513
8619,45.70051859482952
8620,50.642451501020275
8621,12.222733374519905
8622,17.433926432625597
8623,32.62429830214451
8624,19.609834740330278
8625,26.424164937032753
8626,34.62645554116268
8627,32.17788120025109
8628,39.57419383157627
8629,18.301673322411727
8630,38.7221121314047
8631,44.911394457011994
8632,39.376360587123415
8633,44.451574457602675
8634,19.481309191227773
8635,64.08557074431947
8636,35.30679681987797
8637,36.12805119479719
8638,47.98574725624141
8639,40.31569000918936
8640,34.79455553581925
8641,37.140090173578805
8642,60.23052650364197
8643,54.54023950507553
8644,47.58432768888668
8645,45.85360783308723
8646,38.73689054105207
8647,50.95428500715051
8648,40.690995398539656
8649,34.75420665798991
8650,20.38538932873005
8651,36.576880310103675
8652,38.49782040111586
8653,18.581725873849315
8654,31.990759290434426
8655,46.909035623628405
8656,24.802298216903424
8657,40.33192913415999
8658,15.20540051065705
8659,25.881102528408803
8660,15.697395914873567
8661,35.2713619523206
8662,40.33192913415999
8663,42.46590401227764
8664,18.875431992069824
8665,39.458073362002196
8666,38.83004920841495
8667,50.005756779642205
8668,44.451574457602675
8669,59.955709215183845
8670,18.32688136826006
8671,38.99674883654934
8672,19.227732453541016
8673,40.78646733334358
8674,41.51020962339684
8675,39.72741611955787
8676,21.78472991288471
8677,42.98090146198571
8678,19.400757125607655
8679,33.28777886841883
8680,20.565473373403453
8681,41.65909684627201
8682,51.809412369646864
8683,35.45655572985645
8684,43.55937590020513
8685,12.214258102694401
8686,30.979010778502985
8687,25.537827995408286
8688,36.03009784398715
8689,34.0275490563704
8690,23.34283029149146
8691,39.21870858010117
8692,49.08282873673213
8693,31.474173051999287
8694,14.437154143817754
8695,34.942471732123416
8696,14.592397056622037
8697,17.153138178933222
8698,34.35405180528713
8699,41.02718706473512
8700,27.823319617877598
8701,34.369898529851454
8702,39.97940453843342
8703,23.101894892637425
8704,45.865710137196785
8705,23.449398704967855
8706,47.922238927338206
8707,27.915063321486354
8708,42.977951501793825
8709,51.13565965625235
8710,43.79792848508323
8711,35.042800517811386
8712,40.558374140449466
8713,38.8438130087897
8714,35.478449728482424
8715,34.583283221929214
8716,18.40751202361876
8717,39.45273040428906
8718,21.56211323045017
8719,12.718992355615654
8720,39.63056332743404
8721,35.943847338376926
8722,38.319468599309076
8723,40.33192913415999
8724,19.669876876255692
8725,34.583283221929214
8726,17.493420122535497
8727,51.61567594535508
8728,45.10687669058316
8729,34.79455553581925
8730,46.64526419073376
8731,25.881102528408803
8732,48.13125068496652
8733,48.328553087114145
8734,35.48172523858732
8735,41.48037333217938
8736,41.51020962339684
8737,39.1093781800626
8738,57.44654289916351
8739,23.93087290460965
8740,34.05339764838108
8741,36.5879138574639
8742,17.68988334202951
8743,54.632107425844936
8744,51.91853410519337
8745,42.77576424556575
8746,44.43658727830597
8747,19.093010668454742
8748,48.32364938840604
8749,46.796219828652
8750,14.87669821916149
8751,36.546318385162145
8752,36.35788824962896
8753,16.0726645721217
8754,34.298871261023145
8755,37.64630149848802
8756,43.11956185028916
8757,44.60719756441934
8758,38.73689054105207
8759,21.093399705616683
8760,15.610700859599902
8761,43.01661613452274
8762,48.26473597292368
8763,46.67745453544227
8764,41.373357230853586
8765,58.85362958785626
8766,35.47355462054427
8767,23.322855672571727
8768,40.47761845855814
8769,36.1718277489112
8770,37.89314600561478
8771,17.73553714691402
8772,21.857977230289315
8773,46.15868455923692
8774,36.58788429503445
8775,20.309121413224222
8776,10.759147120654376
8777,53.57939727424722
8778,39.21021401780885
8779,21.74656275395556
8780,23.37054141110627
8781,45.661790730461604
8782,52.559129339535986
8783,36.34399388066284
8784,15.739350442281747
8785,42.67889157571575
8786,39.82405013341255
8787,28.373270169259175
8788,55.54159659477616
8789,18.33964682405369
8790,33.69094829431868
8791,38.35322511495552
8792,38.91323102589689
8793,55.03450791198525
8794,34.9571576692658
8795,38.77189197412049
8796,19.830880699445363
8797,50.12376587427545
8798,17.388080419982334
8799,50.16403085238382
8800,40.04280210319698
8801,46.75402413986601
8802,38.38225250654067
8803,12.708694651976593
8804,23.153380967968253
8805,44.434525512505886
8806,33.84719630204356
8807,17.481936427253174
8808,36.5879138574639
8809,20.741212483863848
8810,34.248884816777604
8811,42.77576424556575
8812,47.9457370284764
8813,20.588957898068884
8814,38.872217977529104
8815,41.87087544067644
8816,47.491720195476745
8817,40.78646733334358
8818,43.027280183627326
8819,38.91381474873076
8820,22.097573783058607
8821,17.649845200789212
8822,16.39692948976029
8823,38.20625205389453
8824,34.908728314040175
8825,40.85821236773003
8826,17.24830694040539
8827,41.969725400756104
8828,38.29927382169959
8829,50.630698161433024
8830,44.65810905289668
8831,44.92268051155981
8832,40.53282545506365
8833,18.862563598732137
8834,42.64872555001091
8835,60.56698869135549
8836,45.972131275966746
8837,40.92225523813881
8838,51.76104799423746
8839,61.02953683961111
8840,18.981633441005524
8841,14.141758696240572
8842,44.7444987392594
8843,37.37657302564676
8844,39.77281131419367
8845,37.20360668440858
8846,14.192508812668333
8847,45.847612745196145
8848,33.076752919685006
8849,15.218932370426796
8850,55.4000728514462
8851,44.92268051155981
8852,14.381016832232596
8853,34.79455553581925
8854,15.435516173707644
8855,40.360155097110734
8856,23.322855672571727
8857,47.0244201415173
8858,20.773957956997247
8859,58.85362958785626
8860,59.59133003222912
8861,15.3661095865627
8862,58.001854476556744
8863,48.88517400790563
8864,33.35624402992799
8865,33.69094829431868
8866,34.88745817078634
8867,19.400757125607655
8868,14.378183040129617
8869,13.369219423071701
8870,37.30512340113076
8871,40.348753560572185
8872,42.17092465894346
8873,20.504155030346407
8874,25.716937105157008
8875,16.20836777053263
8876,25.78849917142628
8877,46.76961302934032
8878,18.156540776642164
8879,19.228780418237037
8880,39.43839521687532
8881,36.750771053926336
8882,40.74054827779303
8883,47.26634339138951
8884,39.23400001476702
8885,42.823741920338534
8886,35.37232833637548
8887,19.400757125607655
8888,12.718992355615654
8889,38.77189197412049
8890,46.615451082236405
8891,27.04237337640445
8892,18.033830542671343
8893,18.617972325694936
8894,38.91323102589689
8895,19.283580726050307
8896,37.230441602748634
8897,38.95483665500417
8898,17.38607249380632
8899,24.287549507385613
8900,32.29103512723338
8901,31.993026890107842
8902,40.31715473037817
8903,17.775078642893845
8904,38.639217646915235
8905,28.417167593355313
8906,13.79196168931001
8907,39.82405013341255
8908,14.45999354269265
8909,16.185673330043283
8910,50.14454726360215
8911,40.360155097110734
8912,49.06197323650325
8913,41.89678472629078
8914,61.62781570862111
8915,35.52526186923119
8916,35.32956062597918
8917,17.182457681901052
8918,35.37232833637548
8919,14.16912988464632
8920,13.829043606992382
8921,38.639217646915235
8922,60.65840428157712
8923,46.231283255580976
8924,40.690995398539656
8925,34.79455553581925
8926,36.20221019332638
8927,42.894208547800545
8928,39.12323396532634
8929,43.420500094876274
8930,41.33478014098958
8931,18.617972325694936
8932,49.08282873673213
8933,58.4612009345029
8934,43.39538745482461
8935,15.21298587528521
8936,46.909035623628405
8937,30.530314411435082
8938,41.33478014098958
8939,45.79848376188255
8940,35.37232833637548
8941,46.69620337491189
8942,52.734622724040165
8943,18.899297650770546
8944,21.85316792709718
8945,37.74955075215661
8946,36.546318385162145
8947,21.41634344076988
8948,41.02718706473512
8949,29.61748361057781
8950,21.6249357513137
8951,35.110363615925145
8952,39.97940453843342
8953,47.13122920517723
8954,38.30785239486673
8955,40.04280210319698
8956,44.630223514874686
8957,49.63191273706009
8958,38.639217646915235
8959,13.525232758769192
8960,40.48722842304403
8961,38.725438158053414
8962,39.9133264035673
8963,18.79965389683679
8964,41.02718706473512
8965,41.13384139567662
8966,16.39692948976029
8967,35.422032150037595
8968,34.78534151286326
8969,38.5860220358944
8970,15.3661095865627
8971,58.001854476556744
8972,45.70051859482952
8973,37.01099679583323
8974,38.36114347760372
8975,35.37232833637548
8976,15.21548461550995
8977,18.981633441005524
8978,65.06448251711353
8979,40.518844907895094
8980,36.3865832738009
8981,32.17788120025109
8982,19.497146009156282
8983,17.781715937970123
8984,60.65840428157712
8985,39.55604787133763
8986,45.62170629096444
8987,45.83830034353921
8988,12.015979450044515
8989,16.748890185471424
8990,20.475449065141824
8991,31.3776710774508
8992,30.90081494479803
8993,39.93440253430552
8994,38.421715248237454
8995,18.851905737524056
8996,36.7743489893367
8997,47.71524214867985
8998,44.246109109354386
8999,48.32734919042889
9000,50.570685544967716
9001,17.481936427253174
9002,51.3207767800178
9003,39.458073362002196
9004,18.816353056827587
9005,41.02718706473512
9006,14.850884071901987
9007,29.011628399126298
9008,35.62872098376811
9009,39.77720781070629
9010,35.3071231443763
9011,18.664431703510726
